Date,Mkt-RF,SMB,HML,RF
20200102,0.86,-0.88,-0.33,0.006
20200103,-0.67,0.38,0.01,0.006
20200106,0.36,-0.07,-0.55,0.006
20200107,-0.19,-0.01,-0.25,0.006
20200108,0.47,-0.06,-0.64,0.006
20200109,0.65,-0.64,-0.49,0.006
20200110,-0.34,-0.19,-0.33,0.006
20200113,0.73,-0.11,-0.08,0.006
20200114,-0.06,0.39,-0.18,0.006
20200115,0.16,0.47,-0.81,0.006
20200116,0.88,0.52,-0.11,0.006
20200117,0.28,-0.64,-0.13,0.006
20200121,-0.32,-0.51,-0.61,0.006
20200122,0.08,-0.26,0.01,0.006
20200123,0.08,-0.05,-0.13,0.006
20200124,-0.97,-0.44,-0.28,0.006
20200127,-1.56,0.37,-0.41,0.006
20200128,1.02,-0.13,-0.42,0.006
20200129,-0.1,-0.24,-0.97,0.006
20200130,0.34,-0.68,0.68,0.006
20200131,-1.74,-0.42,-0.35,0.006
20200203,0.84,0.62,-0.68,0.006
20200204,1.57,-0.05,-0.68,0.006
20200205,0.97,0.31,1.46,0.006
20200206,0.27,-0.44,-0.83,0.006
20200207,-0.55,-0.79,-0.03,0.006
20200210,0.73,0,-0.88,0.006
20200211,0.28,0.05,1.04,0.006
20200212,0.66,0.15,-0.35,0.006
20200213,-0.09,0.2,0,0.006
20200214,0.15,-0.38,-0.66,0.006
20200218,-0.19,0.16,-0.64,0.006
20200219,0.6,0.18,0.03,0.006
20200220,-0.35,0.49,0.66,0.006
20200221,-1.12,-0.11,0.02,0.006
20200224,-3.39,0.18,0.01,0.006
20200225,-3.09,-0.1,-0.68,0.006
20200226,-0.52,-0.38,-1.2,0.006
20200227,-4.22,0.78,0.05,0.006
20200228,-0.78,0.29,-0.8,0.006
20200302,4.31,-1.69,-0.43,0.006
20200303,-2.79,0.81,-0.63,0.006
20200304,4.03,-1.08,-1.17,0.006
20200305,-3.38,0.24,-1.4,0.006
20200306,-1.78,0.06,-1.49,0.006
20200309,-7.78,-0.38,-4.75,0.006
20200310,4.74,-2.49,0.79,0.006
20200311,-5.05,-0.83,-0.81,0.006
20200312,-9.63,-0.45,-1.18,0.006
20200313,8.96,-2.73,2.98,0.006
20200316,-12,-0.26,-0.76,0.006
20200317,5.87,0.83,-0.69,0.006
20200318,-5.56,-3.57,-4.71,0.006
20200319,1.31,5.5,0.87,0.006
20200320,-4.15,0.34,-0.89,0.006
20200323,-2.55,2.22,-3.3,0.006
20200324,9.34,-1.25,2.39,0.006
20200325,1.18,-0.73,1.93,0.006
20200326,6.02,-0.72,1.09,0.006
20200327,-3.48,-0.83,-0.76,0.006
20200330,3.16,-0.3,-2.11,0.006
20200331,-1.44,1.8,-0.39,0.006
20200401,-4.51,-1.5,-1.42,0
20200402,2.1,-0.98,-0.28,0
20200403,-1.64,-1.09,-1.15,0
20200406,7.06,0.76,0.3,0
20200407,-0.11,-0.57,2.1,0
20200408,3.4,0.31,1.29,0
20200409,1.59,1.93,3.17,0
20200413,-0.92,-0.84,-2.4,0
20200414,3.02,-0.18,-3.13,0
20200415,-2.15,-1.23,-2.54,0
20200416,0.62,-0.21,-2.97,0
20200417,2.72,0.74,2.77,0
20200420,-1.56,0.77,-0.91,0
20200421,-3.08,0.93,0.16,0
20200422,2.31,-0.7,-1.65,0
20200423,0.13,1.11,0.55,0
20200424,1.44,0.27,-0.12,0
20200427,1.73,1.61,2.7,0
20200428,-0.45,0.98,2.84,0
20200429,2.92,1.88,2,0
20200430,-1.18,-1.42,-1.68,0
20200501,-2.91,-0.56,-0.97,0
20200504,0.53,0.2,-1.29,0
20200505,0.95,0.04,-2.01,0
20200506,-0.52,0.54,-2.7,0
20200507,1.33,-0.06,0.39,0
20200508,1.9,1.39,2.45,0
20200511,0.07,0.47,-3.78,0
20200512,-2.06,-0.84,-1.35,0
20200513,-1.89,-0.9,-2.09,0
20200514,1.14,-1.51,0.92,0
20200515,0.57,1.61,-1.16,0
20200518,3.24,1.57,4.61,0
20200519,-1.01,-0.54,-1.49,0
20200520,1.8,1.09,1.31,0
20200521,-0.7,0.63,0.41,0
20200522,0.27,0.47,-0.86,0
20200526,1.23,0.1,4.56,0
20200527,1.54,0.65,3.61,0
20200528,-0.41,-1.53,-2.43,0
20200529,0.6,-0.29,-1.97,0
20200601,0.52,-0.04,0.43,0
20200602,0.81,-0.09,0.54,0
20200603,1.42,0.16,2.63,0
20200604,-0.34,-0.23,2.89,0
20200605,2.5,0.66,2.76,0
20200608,1.39,0.37,2.09,0
20200609,-0.85,-0.25,-1.93,0
20200610,-0.56,-0.85,-4.1,0
20200611,-5.91,-0.82,-3.04,0
20200612,1.29,0.31,1.83,0
20200615,1.09,1.46,-0.39,0
20200616,1.87,0.6,0.49,0
20200617,-0.4,-0.9,-1.98,0
20200618,0.19,0.09,-0.53,0
20200619,-0.45,0.09,-0.65,0
20200622,0.71,0.84,-1.36,0
20200623,0.42,0.16,-0.6,0
20200624,-2.61,-0.45,-1.36,0
20200625,1.12,0.24,0.51,0
20200626,-2.44,0.12,-1.4,0
20200629,1.51,1.25,1.84,0
20200630,1.58,0.08,0.01,0
20200701,0.41,-1.28,-2.58,0.001
20200702,0.5,-0.02,-0.13,0.001
20200706,1.65,-0.63,0.34,0.001
20200707,-1.03,-0.5,-1.5,0.001
20200708,0.91,0.3,-0.47,0.001
20200709,-0.53,-0.93,-2.6,0.001
20200710,1.11,-0.07,3.07,0.001
20200713,-1.2,-0.77,2.04,0.001
20200714,1.35,0.42,-0.29,0.001
20200715,1.14,2.42,1.25,0.001
20200716,-0.37,-0.35,0.8,0.001
20200717,0.3,0.18,-1.42,0.001
20200720,1.01,-0.45,-2.37,0.001
20200721,0.15,0.84,3.27,0.001
20200722,0.49,-0.61,-0.37,0.001
20200723,-1.2,0.72,1.97,0.001
20200724,-0.75,-0.82,0.44,0.001
20200727,0.88,0.76,-1.99,0.001
20200728,-0.81,-0.71,1,0.001
20200729,1.35,0.48,0.89,0.001
20200730,-0.29,0.49,-1.84,0.001
20200731,0.61,-1.6,-0.66,0.001
20200803,0.98,1.22,-0.84,0
20200804,0.37,0.47,0.04,0
20200805,0.78,1.04,0.83,0
20200806,0.53,-0.41,-0.83,0
20200807,0.02,0.91,2.4,0
20200810,0.24,0.88,1.73,0
20200811,-0.83,-0.33,1.64,0
20200812,1.4,-0.51,-1.34,0
20200813,-0.01,0.18,-1.33,0
20200814,-0.04,-0.09,1.08,0
20200817,0.45,0.59,-1.93,0
20200818,0.22,-1.06,-1.42,0
20200819,-0.38,0.47,0.1,0
20200820,0.31,-0.52,-1.54,0
20200821,0.26,-1.09,-0.43,0
20200824,0.92,-0.37,2.6,0
20200825,0.36,0.15,-0.65,0
20200826,1,-1.17,-1.74,0
20200827,0.18,-0.34,0.95,0
20200828,0.7,0.27,-0.23,0
20200831,-0.04,-0.42,-1.76,0
20200901,0.92,0.45,-0.3,0
20200902,1.27,-0.5,-0.45,0
20200903,-3.7,-0.23,2.6,0
20200904,-0.87,-0.17,2.06,0
20200908,-2.91,0.66,-0.28,0
20200909,2.07,-0.17,-2,0
20200910,-1.64,0.3,-0.07,0
20200911,-0.06,-0.84,0.89,0
20200914,1.59,1.19,-0.8,0
20200915,0.57,-0.27,-1.43,0
20200916,-0.39,0.76,1.31,0
20200917,-0.85,0.36,0.2,0
20200918,-0.88,0.79,-0.21,0
20200921,-1.08,-2.03,-1.88,0
20200922,1.02,-0.14,-1.63,0
20200923,-2.48,-0.71,0.16,0
20200924,0.25,-0.21,0.38,0
20200925,1.72,0.15,-1.34,0
20200928,1.66,0.72,1.05,0
20200929,-0.42,0.76,-1.33,0
20200930,0.79,-0.73,0.15,0
20201001,0.79,1.04,-0.54,0
20201002,-0.96,1.08,2.44,0
20201005,1.93,1.02,-0.11,0
20201006,-1.28,0.74,0.26,0
20201007,1.84,0.53,0.22,0
20201008,0.8,0.02,0.99,0
20201009,0.93,0.01,-1.41,0
20201012,1.53,-0.84,-0.09,0
20201013,-0.41,0.18,-1.72,0
20201014,-0.65,0.09,0.03,0
20201015,-0.08,0.89,1.14,0
20201016,-0.06,-0.18,0.06,0
20201019,-1.53,0.35,0.3,0
20201020,0.34,-0.24,1.26,0
20201021,-0.36,-0.47,0.41,0
20201022,0.67,0.61,1.03,0
20201023,0.38,0.42,0.04,0
20201026,-1.85,-0.28,-0.39,0
20201027,-0.23,-0.07,-2.33,0
20201028,-3.41,0.01,0.58,0
20201029,1.13,0.17,0.27,0
20201030,-1.45,-0.8,1.86,0
20201102,1.17,0.53,0.99,0
20201103,1.93,1,-0.2,0
20201104,2.25,-1.48,-5,0
20201105,2.13,1,0.52,0
20201106,0.01,-0.86,-0.93,0
20201109,0.86,0.8,6.74,0
20201110,-0.17,1.56,2.16,0
20201111,0.88,-0.56,-1.75,0
20201112,-0.94,-0.23,-1.18,0
20201113,1.31,0.61,1.14,0
20201116,1.22,0.78,2,0
20201117,-0.19,0.61,0,0
20201118,-0.93,-0.03,0.02,0
20201119,0.59,0.47,-0.76,0
20201120,-0.51,0.68,-0.61,0
20201123,0.83,0.87,1.57,0
20201124,1.56,-0.11,2.76,0
20201125,0.03,0,-1.33,0
20201127,0.43,0.47,-1.62,0
20201130,-0.53,-0.99,-2.07,0
20201201,0.98,-0.26,0.54,0
20201202,0.11,-0.09,1.07,0
20201203,0.18,0.5,-0.09,0
20201204,1.02,1.47,0.84,0
20201207,0.03,0.24,-1.02,0
20201208,0.47,1.02,-0.71,0
20201209,-1.03,-0.06,1.28,0
20201210,0.24,1.12,-0.47,0
20201211,-0.2,-0.38,-0.71,0
20201214,-0.28,0.58,-1.52,0
20201215,1.28,1.08,0.36,0
20201216,0.17,-0.43,-0.38,0
20201217,0.79,0.69,-0.71,0
20201218,-0.12,0.07,-1.17,0
20201221,-0.23,0.13,-0.05,0
20201222,0.06,1.21,-1.61,0
20201223,0.1,0.38,2.03,0
20201224,0.21,-0.41,-0.19,0
20201228,0.46,-0.73,0.36,0
20201229,-0.4,-1.53,0.24,0
20201230,0.27,1.01,0.03,0
20201231,0.39,-0.89,0.41,0
20210104,-1.41,0.22,0.58,0
20210105,0.86,1.23,0.48,0
20210106,0.79,2.14,3.93,0
20210107,1.76,0.33,-0.83,0
20210108,0.51,-0.75,-1.38,0
20210111,-0.51,0.26,1.26,0
20210112,0.38,1.29,1.21,0
20210113,0.07,-0.93,-0.45,0
20210114,-0.11,2.03,1.11,0
20210115,-0.86,-0.49,-0.76,0
20210119,0.92,0.88,-0.8,0
20210120,1.26,-0.39,-1.08,0
20210121,-0.04,-0.55,-0.94,0
20210122,-0.07,1.87,-0.12,0
20210125,0.29,-0.05,-0.41,0
20210126,-0.32,0.02,0.01,0
20210127,-2.53,1.33,1.55,0
20210128,0.92,-1.93,-0.91,0
20210129,-1.84,0.59,0.58,0
20210201,1.73,0.93,-1.47,0
20210202,1.48,-0.85,-1.08,0
20210203,0.15,0.43,0.7,0
20210204,1.23,0.38,0.37,0
20210205,0.58,1.07,-0.47,0
20210208,0.96,2.11,0.39,0
20210209,0.05,0.71,-0.17,0
20210210,-0.08,-0.47,0.64,0
20210211,0.19,-0.22,-0.43,0
20210212,0.49,-0.14,0.49,0
20210216,-0.14,-0.61,1.88,0
20210217,-0.21,-0.85,0.61,0
20210218,-0.63,-1.55,-0.19,0
20210219,0.16,1.78,0.71,0
20210222,-1.13,-0.06,3.16,0
20210223,-0.15,-1.27,0.9,0
20210224,1.15,1.21,1.41,0
20210225,-2.74,-1.14,0.92,0
20210226,-0.28,0.66,-1.57,0
20210301,2.63,1.09,0.23,0
20210302,-1.05,-1.09,1.24,0
20210303,-1.57,-0.19,3.57,0
20210304,-1.7,-1.36,1.71,0
20210305,1.85,0.21,0.62,0
20210308,-0.67,0.61,3.7,0
20210309,1.79,1.29,-3.24,0
20210310,0.68,0.77,1.82,0
20210311,1.44,1.6,-2.02,0
20210312,0.1,0.13,1.3,0
20210315,0.7,-0.11,-1.29,0
20210316,-0.43,-1.11,-0.83,0
20210317,0.33,0.47,0.33,0
20210318,-1.88,-1.75,2.18,0
20210319,0.25,1.26,-0.99,0
20210322,0.55,-1.2,-2.21,0
20210323,-1.17,-2.71,-1.04,0
20210324,-1.01,-1.97,1.47,0
20210325,0.67,1.68,1.39,0
20210326,1.55,0.18,0.69,0
20210329,-0.49,-2.4,-0.23,0
20210330,-0.02,1.54,1,0
20210331,0.63,1.11,-2.33,0
20210401,1.27,0.29,0,0
20210405,1.27,-0.59,-0.71,0
20210406,0.01,-0.32,0.1,0
20210407,-0.12,-1.61,0.32,0
20210408,0.62,0.59,-1.16,0
20210409,0.65,-0.64,0.14,0
20210412,-0.05,-0.62,0.58,0
20210413,0.41,-0.28,-1.61,0
20210414,-0.35,0.79,1.41,0
20210415,1.04,-0.44,-1.19,0
20210416,0.27,-0.36,0.65,0
20210419,-0.73,-0.77,0.79,0
20210420,-0.94,-1.18,-1.56,0
20210421,1.11,1.39,0.1,0
20210422,-0.77,0.65,-0.76,0
20210423,1.26,0.75,0.7,0
20210426,0.43,0.87,-0.5,0
20210427,-0.03,-0.16,0.84,0
20210428,-0.06,0.2,0.19,0
20210429,0.39,-1.14,1.09,0
20210430,-0.83,-0.43,-0.33,0
20210503,0.17,0.43,1.7,0
20210504,-0.89,-0.75,2,0
20210505,-0.06,-0.46,1.34,0
20210506,0.48,-0.83,1.2,0
20210507,0.84,0.43,-0.09,0
20210510,-1.36,-1.68,1.7,0
20210511,-0.63,0.96,-0.89,0
20210512,-2.34,-1.33,0.71,0
20210513,1.02,0.26,1.14,0
20210514,1.81,0.98,-0.15,0
20210517,-0.24,0.6,0.83,0
20210518,-0.69,0.26,-0.94,0
20210519,-0.34,-0.37,-0.46,0
20210520,1.15,-0.11,-1.42,0
20210521,-0.04,0.22,0.98,0
20210524,0.99,-0.37,-0.69,0
20210525,-0.3,-0.61,-1.23,0
20210526,0.47,1.77,0.56,0
20210527,0.28,0.8,0.94,0
20210528,0.04,-0.3,-0.3,0
20210601,0.03,1.11,1.45,0
20210602,0.12,-0.12,0.31,0
20210603,-0.53,-0.53,0.72,0
20210604,0.89,-0.36,-0.89,0
20210607,0.15,1.57,-0.96,0
20210608,0.19,1.15,-0.31,0
20210609,-0.3,-0.29,-0.84,0
20210610,0.4,-0.89,-2.04,0
20210611,0.37,0.67,0.18,0
20210614,0.15,-0.31,-1.61,0
20210615,-0.3,-0.03,1.3,0
20210616,-0.45,0.44,0.2,0
20210617,0.01,-0.49,-3.57,0
20210618,-1.22,-0.42,-1.44,0
20210621,1.34,0.59,1.06,0
20210622,0.58,0.04,-0.43,0
20210623,0.01,0.55,-0.29,0
20210624,0.69,0.65,0.23,0
20210625,0.31,-0.7,0.43,0
20210628,0.22,-0.49,-1.6,0
20210629,0,-0.25,-0.29,0
20210630,0.07,-0.12,0.76,0
20210701,0.43,0.37,0.42,0
20210702,0.56,-1.33,-0.71,0
20210706,-0.28,-0.65,-1.98,0
20210707,0.09,-0.92,0.08,0
20210708,-0.86,0.15,-0.77,0
20210709,1.25,0.61,1.57,0
20210712,0.23,-0.17,0.56,0
20210713,-0.56,-1.13,-0.41,0
20210714,-0.26,-1.16,0.35,0
20210715,-0.38,-0.35,0.78,0
20210716,-0.77,-0.23,-1.25,0
20210719,-1.41,0.31,-1.74,0
20210720,1.69,0.79,0.16,0
20210721,0.95,0.63,0.79,0
20210722,0.09,-1.34,-1.01,0
20210723,0.98,-0.1,-0.46,0
20210726,0.18,-0.09,1.33,0
20210727,-0.66,-0.66,0.6,0
20210728,0.27,1.41,-0.65,0
20210729,0.41,-0.01,0.94,0
20210730,-0.65,-0.07,-0.17,0
20210802,-0.12,-0.15,-0.41,0
20210803,0.73,-0.48,0.92,0
20210804,-0.39,-0.61,-1.57,0
20210805,0.74,1.14,-0.11,0
20210806,0.09,0.04,1.9,0
20210809,0.01,-0.35,-0.27,0
20210810,0.06,-0.01,1.82,0
20210811,0.19,-0.01,1.41,0
20210812,0.24,-0.59,-0.4,0
20210813,0,-0.85,-0.25,0
20210816,-0.05,-0.85,0.05,0
20210817,-0.8,-0.44,-0.11,0
20210818,-0.95,0.12,-0.19,0
20210819,-0.15,-0.8,-0.81,0
20210820,0.92,1,-0.48,0
20210823,1.08,0.93,-0.85,0
20210824,0.41,0.36,0.36,0
20210825,0.26,-0.04,0.36,0
20210826,-0.65,-0.4,-0.31,0
20210827,1.07,1.62,0.3,0
20210830,0.35,-0.35,-1.37,0
20210831,-0.13,0.44,-0.05,0
20210901,0.11,0.59,-0.94,0
20210902,0.36,0.11,-0.04,0
20210903,-0.01,-0.38,-0.25,0
20210907,-0.36,-0.14,-0.09,0
20210908,-0.34,-0.81,0.08,0
20210909,-0.27,0.23,0.09,0
20210910,-0.76,-0.1,0.02,0
20210913,0.14,-0.05,1.34,0
20210914,-0.66,-0.51,-0.96,0
20210915,0.88,0.02,0.63,0
20210916,-0.03,0.04,-0.55,0
20210917,-0.72,1,-0.06,0
20210920,-1.87,-0.58,0.23,0
20210921,0.05,0.45,-0.67,0
20210922,1,0.17,0.53,0
20210923,1.28,0.36,0.92,0
20210924,0.08,-0.47,0.7,0
20210927,-0.1,1.25,2.43,0
20210928,-2.18,-0.44,1.76,0
20210929,0.03,-0.3,0.81,0
20210930,-1.02,0.32,-0.78,0
20211001,1.1,0.4,0.5,0
20211004,-1.43,-0.03,2.33,0
20211005,1.05,-0.52,-0.07,0
20211006,0.33,-0.87,-0.48,0
20211007,1.01,0.53,-0.17,0
20211008,-0.28,-0.6,1.12,0
20211011,-0.72,0.32,-0.28,0
20211012,-0.06,0.63,-0.44,0
20211013,0.43,0.14,-1.06,0
20211014,1.65,-0.34,-0.27,0
20211015,0.63,-1.2,0.3,0
20211018,0.41,-0.25,-0.01,0
20211019,0.71,-0.49,-0.22,0
20211020,0.34,-0.02,1.18,0
20211021,0.37,0.21,-0.95,0
20211022,-0.25,-0.24,1.01,0
20211025,0.58,0.49,-0.15,0
20211026,0.04,-0.7,-0.31,0
20211027,-0.76,-0.74,-1.18,0
20211028,1.14,0.87,-0.49,0
20211029,0.22,0.2,-0.83,0
20211101,0.51,2.02,0.44,0
20211102,0.24,-0.29,-0.54,0
20211103,0.8,1.45,-0.13,0
20211104,0.39,-0.02,-1.37,0
20211105,0.38,0.68,1.2,0
20211108,0.18,0.02,0.06,0
20211109,-0.35,-0.18,0.45,0
20211110,-1.07,-0.65,0.93,0
20211111,0.24,0.54,0.33,0
20211112,0.74,-0.32,-0.91,0
20211115,-0.02,-0.54,0.7,0
20211116,0.5,0.04,-0.71,0
20211117,-0.47,-0.55,-0.25,0
20211118,0.06,-0.57,-0.07,0
20211119,-0.2,-0.17,-1.28,0
20211122,-0.61,-0.55,2.76,0
20211123,-0.04,-0.52,1.74,0
20211124,0.3,0.03,-0.87,0
20211126,-2.22,-1.23,-0.92,0
20211129,1.11,-1.02,-0.78,0
20211130,-1.95,0.52,-1.13,0
20211201,-1.61,-0.8,1.11,0
20211202,1.51,0.72,1.26,0
20211203,-1.21,-1.13,1.07,0
20211206,1.19,0.76,0.62,0
20211207,2.22,0.2,-1.79,0
20211208,0.47,0.65,-0.83,0
20211209,-1.07,-1.37,1.57,0
20211210,0.7,-0.83,0.5,0
20211213,-1.04,-0.3,-0.99,0
20211214,-0.76,-0.67,1.64,0
20211215,1.62,0.38,-1.91,0
20211216,-1.2,-1.6,2.78,0
20211217,-0.65,1.89,-2.32,0
20211220,-1.27,-0.15,-0.41,0
20211221,2.06,0.81,0.19,0
20211222,0.97,0.26,-0.36,0
20211223,0.71,0.35,-0.48,0
20211227,1.22,-0.11,0.3,0
20211228,-0.27,-0.6,0.81,0
20211229,0.06,-0.07,0.17,0
20211230,-0.15,0.1,-0.4,0
20211231,-0.31,0.04,0.53,0
20220103,0.73,0.33,0.77,0
20220104,-0.29,-0.83,3.63,0
20220105,-2.28,-1.46,2.6,0
20220106,0,0.21,1.75,0
20220107,-0.48,-1.31,2.01,0
20220110,-0.15,-0.23,-0.28,0
20220111,1.1,-0.08,-0.3,0
20220112,0.12,-0.89,0.5,0
20220113,-1.57,0.31,2.41,0
20220114,0.08,0.18,0.54,0
20220118,-2.08,-1.04,1.37,0
20220119,-1.01,-0.33,-0.67,0
20220120,-1.14,-0.86,-0.23,0
20220121,-2.1,0.28,0.49,0
20220124,0.53,1.81,-0.25,0
20220125,-1.43,-0.61,2.79,0
20220126,-0.3,-1.08,0.1,0
20220127,-0.79,-1.64,0.78,0
20220128,2.45,-0.14,-2.07,0
20220131,2.34,1.31,-2.86,0
20220201,0.87,0.06,0.65,0
20220202,0.48,-1.74,0.72,0
20220203,-2.49,-0.05,2.18,0
20220204,0.89,-0.02,-0.6,0
20220207,-0.25,0.53,0.23,0
20220208,1.02,0.68,-0.28,0
20220209,1.61,0.23,-1.96,0
20220210,-1.69,-0.14,1.23,0
20220211,-1.92,0.6,2.13,0
20220214,-0.35,0.21,-0.59,0
20220215,1.87,1.33,-1.43,0
20220216,-0.02,-0.09,0.31,0
20220217,-2.28,-0.28,1.1,0
20220218,-0.87,-0.09,0.93,0
20220222,-1.18,-0.48,0.11,0
20220223,-1.96,-0.2,1.25,0
20220224,1.89,1.51,-3.86,0
20220225,2.23,-0.4,1.2,0
20220228,0.05,0.63,-0.5,0
20220301,-1.56,-0.1,-0.8,0
20220302,1.81,0.41,1.34,0
20220303,-0.88,-0.57,1.52,0
20220304,-1.1,-0.66,0.68,0
20220307,-3.12,0.58,0.89,0
20220308,-0.52,1.02,0.32,0
20220309,2.8,0.32,-2.1,0
20220310,-0.47,0.11,1.16,0
20220311,-1.49,-0.44,1.79,0
20220314,-1.06,-1.34,1.77,0
20220315,2.15,-0.12,-2.39,0
20220316,2.61,0.8,-1.84,0
20220317,1.43,0.3,-1.1,0
20220318,1.33,0.27,-1.85,0
20220321,-0.18,-1.11,1.59,0
20220322,1.31,0.04,-1.16,0
20220323,-1.26,-0.64,0.37,0
20220324,1.42,-0.09,-0.79,0
20220325,0.27,-0.59,2.18,0
20220328,0.73,-0.56,-1.69,0
20220329,1.45,1.54,-1.93,0
20220330,-0.83,-1.27,0.4,0
20220331,-1.55,0.72,-0.44,0
20220401,0.39,0.69,-0.59,0.001
20220404,0.94,-0.05,-1.88,0.001
20220405,-1.54,-0.97,0.84,0.001
20220406,-1.24,-0.65,1.08,0.001
20220407,0.33,-0.61,-0.13,0.001
20220408,-0.39,-0.99,2.24,0.001
20220411,-1.53,0.29,1.07,0.001
20220412,-0.29,0.54,0.46,0.001
20220413,1.4,0.93,-0.72,0.001
20220414,-1.28,0.03,1.41,0.001
20220418,-0.21,-0.81,1.81,0.001
20220419,1.77,0.59,-0.95,0.001
20220420,-0.28,0.19,1.26,0.001
20220421,-1.75,-0.72,0.42,0.001
20220422,-2.74,0.31,-0.15,0.001
20220425,0.71,0.42,-1.83,0.001
20220426,-3,-0.67,1.8,0.001
20220427,0.12,-0.61,0.34,0.001
20220428,2.44,-0.2,-0.44,0.001
20220429,-3.53,0.74,0.59,0.001
20220502,0.8,0.59,-1.15,0.001
20220503,0.41,-0.17,1.62,0.001
20220504,3,-0.46,0.24,0.001
20220505,-3.8,-0.78,2.37,0.001
20220506,-0.85,-1.3,1.77,0.001
20220509,-3.54,-0.51,1.38,0.001
20220510,0.2,-0.22,-1.22,0.001
20220511,-1.95,-1.11,2.59,0.001
20220512,0.17,1.28,-1.23,0.001
20220513,2.76,0.9,-2.21,0.001
20220516,-0.6,-0.2,1.34,0.001
20220517,2.14,0.96,-0.05,0.001
20220518,-4.04,0.21,1.54,0.001
20220519,-0.34,0.47,-0.8,0.001
20220520,-0.05,-0.12,-0.18,0.001
20220523,1.74,-1.07,1.29,0.001
20220524,-1.23,-0.95,1.86,0.001
20220525,1.22,0.79,0.21,0.001
20220526,2.18,0.19,-0.62,0.001
20220527,2.58,0.37,-1.31,0.001
20220531,-0.71,-0.49,0.44,0.001
20220601,-0.75,0.19,0.79,0.003
20220602,2.09,0.84,-2.07,0.003
20220603,-1.63,0.85,0.53,0.003
20220606,0.33,-0.01,0.65,0.003
20220607,0.99,0.32,-0.15,0.003
20220608,-1.02,-0.09,-0.53,0.003
20220609,-2.44,0.31,0.26,0.003
20220610,-3,0.11,0.62,0.003
20220613,-4.13,-0.67,0.62,0.003
20220614,-0.25,0.22,0.12,0.003
20220615,1.55,0.28,-1.65,0.003
20220616,-3.52,-1.18,0.03,0.003
20220617,0.47,1.11,-2.62,0.003
20220621,2.38,-0.75,0.23,0.003
20220622,-0.18,0.19,-1.77,0.003
20220623,1.13,0.8,-3.85,0.003
20220624,3.11,-0.37,-0.04,0.003
20220627,-0.28,0.57,1.24,0.003
20220628,-2.1,-0.35,2.36,0.003
20220629,-0.2,-0.45,-1.3,0.003
20220630,-0.96,0.41,-0.14,0.003
20220701,1.15,0.03,0.11,0.004
20220705,0.49,1.78,-3.35,0.004
20220706,0.17,-0.75,-0.72,0.004
20220707,1.77,0.99,-0.98,0.004
20220708,-0.07,0.11,-0.06,0.004
20220711,-1.39,-1.3,1.59,0.004
20220712,-0.88,0.74,0.51,0.004
20220713,-0.39,0.45,-0.39,0.004
20220714,-0.41,-0.27,-1.01,0.004
20220715,1.95,-0.07,0.45,0.004
20220718,-0.71,0.21,1.02,0.004
20220719,2.8,0.91,-0.56,0.004
20220720,0.89,1.48,-1.31,0.004
20220721,0.97,0.05,-1.61,0.004
20220722,-1.19,-1.08,1.38,0.004
20220725,0.11,-0.31,1.68,0.004
20220726,-1.32,0.09,1.06,0.004
20220727,2.72,0.49,-1.27,0.004
20220728,1.19,0.08,-0.87,0.004
20220729,1.44,-0.96,0.45,0.004
20220801,-0.19,0.33,-0.26,0.008
20220802,-0.49,0.91,-1.4,0.008
20220803,1.67,0.76,-1.92,0.008
20220804,-0.06,0.8,-1.65,0.008
20220805,-0.05,0.89,-0.06,0.008
20220808,0,0.94,-0.08,0.008
20220809,-0.68,-1.83,2.11,0.008
20220810,2.36,1.15,-1.6,0.008
20220811,-0.07,-0.22,1.66,0.008
20220812,1.76,0.63,-0.75,0.008
20220815,0.38,0.14,-0.64,0.008
20220816,0.19,-0.35,0.71,0.008
20220817,-0.93,-1.17,1.04,0.008
20220818,0.27,0.19,0.47,0.008
20220819,-1.5,-1.16,0.96,0.008
20220822,-2.14,-0.17,0.37,0.008
20220823,-0.11,0.02,0.33,0.008
20220824,0.4,0.64,-0.62,0.008
20220825,1.45,0.18,-0.01,0.008
20220826,-3.37,-0.55,1.69,0.008
20220829,-0.72,-0.56,0.42,0.008
20220830,-1.11,-0.25,-0.24,0.008
20220831,-0.74,0.28,-0.44,0.008
20220901,-0.01,-1.11,-0.29,0.009
20220902,-0.99,-0.06,1.07,0.009
20220906,-0.51,-0.46,-0.52,0.009
20220907,1.92,0.69,-1.53,0.009
20220908,0.78,-0.07,-0.2,0.009
20220909,1.67,0.53,-0.51,0.009
20220912,1.07,0.28,-0.17,0.009
20220913,-4.29,-0.19,1.44,0.009
20220914,0.44,-0.04,-0.28,0.009
20220915,-1.03,0.36,0.54,0.009
20220916,-0.98,-0.83,0.85,0.009
20220919,0.72,-0.15,0.66,0.009
20220920,-1.16,-0.21,0.05,0.009
20220921,-1.68,0.37,0.08,0.009
20220922,-1.14,-1.35,0.41,0.009
20220923,-1.85,-0.26,-0.81,0.009
20220926,-1.02,0.17,-0.75,0.009
20220927,-0.05,0.63,-0.93,0.009
20220928,2.15,0.9,-0.33,0.009
20220929,-2.17,-0.46,0.86,0.009
20220930,-1.42,0.5,0.27,0.009
20221003,2.55,-0.25,0.69,0.011
20221004,3.3,0.76,-0.06,0.011
20221005,-0.22,-0.36,0.08,0.011
20221006,-0.86,0.53,0.12,0.011
20221007,-2.91,-0.63,1.67,0.011
20221010,-0.81,0.05,0.77,0.011
20221011,-0.7,0.55,0.32,0.011
20221012,-0.27,0.09,0.01,0.011
20221013,2.4,-0.62,1.57,0.011
20221014,-2.46,-0.46,1.21,0.011
20221017,2.74,0.67,-1.42,0.011
20221018,1.19,-0.12,0,0.011
20221019,-0.87,-1.32,1.21,0.011
20221020,-0.8,-0.27,-0.43,0.011
20221021,2.3,-0.16,0.11,0.011
20221024,1.03,-0.74,0.45,0.011
20221025,1.78,1.35,-1.52,0.011
20221026,-0.66,0.42,0.89,0.011
20221027,-0.54,0.32,1.06,0.011
20221028,2.33,-0.04,-0.34,0.011
20221031,-0.67,0.39,0.75,0.011
20221101,-0.35,0.16,0.78,0.014
20221102,-2.67,-1.2,1.6,0.014
20221103,-1.03,0.3,0.31,0.014
20221104,1.16,-0.6,1.28,0.014
20221107,0.87,-0.48,0.61,0.014
20221108,0.5,-0.47,-0.38,0.014
20221109,-2.25,-0.62,0.55,0.014
20221110,5.68,1.66,-3.11,0.014
20221111,1.07,0.29,-1.08,0.014
20221114,-0.95,-0.39,0.26,0.014
20221115,1.03,0.74,-0.7,0.014
20221116,-1.03,-1.2,0.57,0.014
20221117,-0.42,-0.51,0.59,0.014
20221118,0.4,-0.18,0.07,0.014
20221121,-0.53,-0.35,0.99,0.014
20221122,1.35,-0.53,0.45,0.014
20221123,0.63,0.02,-0.94,0.014
20221125,-0.02,0.22,0.44,0.014
20221128,-1.55,-0.4,-0.2,0.014
20221129,-0.18,0.1,1.03,0.014
20221130,3.12,0.35,-2.07,0.014
20221201,-0.02,0.25,-0.69,0.016
20221202,-0.08,0.92,-0.55,0.016
20221205,-2.02,-0.59,-0.51,0.016
20221206,-1.51,-0.23,1.16,0.016
20221207,-0.24,-0.14,-0.33,0.016
20221208,0.77,0.2,-1.21,0.016
20221209,-0.8,-0.54,0.35,0.016
20221212,1.41,-0.32,-0.15,0.016
20221213,0.66,0.2,-0.74,0.016
20221214,-0.56,0.04,-0.43,0.016
20221215,-2.57,-0.38,1.38,0.016
20221216,-1.02,0.53,0.19,0.016
20221219,-1.01,-0.78,1.23,0.016
20221220,0.13,0.22,0.25,0.016
20221221,1.52,0.12,-0.14,0.016
20221222,-1.52,0.1,0.37,0.016
20221223,0.51,-0.6,1.15,0.016
20221227,-0.51,-0.73,1.42,0.016
20221228,-1.23,-0.25,-0.29,0.016
20221229,1.87,1.27,-1.07,0.016
20221230,-0.22,0.11,-0.03,0.016
