Date,Mkt-RF,SMB,HML,RMW,CMA,RF
20200102,0.86,-0.97,-0.33,0.24,-0.22,0.006
20200103,-0.67,0.3,0.01,-0.14,-0.1,0.006
20200106,0.36,-0.21,-0.55,-0.17,-0.26,0.006
20200107,-0.19,-0.03,-0.25,-0.13,-0.25,0.006
20200108,0.47,-0.17,-0.64,-0.2,-0.17,0.006
20200109,0.65,-0.71,-0.49,-0.14,0.04,0.006
20200110,-0.34,-0.27,-0.33,0.04,-0.08,0.006
20200113,0.73,-0.1,-0.08,0.34,0.27,0.006
20200114,-0.06,0.47,-0.18,-0.33,-0.06,0.006
20200115,0.16,0.27,-0.81,-0.08,-0.18,0.006
20200116,0.88,0.52,-0.11,0.03,-0.1,0.006
20200117,0.28,-0.63,-0.13,0.23,0,0.006
20200121,-0.32,-0.67,-0.61,-0.11,-0.25,0.006
20200122,0.08,-0.24,0.01,-0.27,0.01,0.006
20200123,0.08,-0.06,-0.13,0.28,-0.07,0.006
20200124,-0.97,-0.5,-0.28,0.16,-0.03,0.006
20200127,-1.56,0.26,-0.41,-0.53,0.03,0.006
20200128,1.02,-0.13,-0.42,0.17,-0.05,0.006
20200129,-0.1,-0.42,-0.97,0.25,0.08,0.006
20200130,0.34,-0.64,0.68,-0.45,-0.24,0.006
20200131,-1.74,-0.5,-0.35,-0.44,-0.66,0.006
20200203,0.84,0.36,-0.68,-0.68,-0.42,0.006
20200204,1.57,-0.14,-0.68,0.38,-0.17,0.006
20200205,0.97,0.74,1.46,0.96,0.67,0.006
20200206,0.27,-0.59,-0.83,-0.04,-0.4,0.006
20200207,-0.55,-0.84,-0.03,-0.23,-0.57,0.006
20200210,0.73,-0.17,-0.88,-0.12,-0.51,0.006
20200211,0.28,0.34,1.04,0.24,0.33,0.006
20200212,0.66,0.15,-0.35,0.21,0.06,0.006
20200213,-0.09,0.16,0,-0.11,-0.4,0.006
20200214,0.15,-0.56,-0.66,-0.23,-0.31,0.006
20200218,-0.19,-0.01,-0.64,-0.42,-0.68,0.006
20200219,0.6,0.19,0.03,0.18,-0.24,0.006
20200220,-0.35,0.63,0.66,0.17,-0.05,0.006
20200221,-1.12,-0.07,0.02,-0.23,0.38,0.006
20200224,-3.39,0.15,0.01,-0.35,0.22,0.006
20200225,-3.09,-0.35,-0.68,-0.62,-0.05,0.006
20200226,-0.52,-0.74,-1.2,-0.47,-0.18,0.006
20200227,-4.22,0.71,0.05,-0.41,0,0.006
20200228,-0.78,0.09,-0.8,0.25,-0.51,0.006
20200302,4.31,-1.91,-0.43,-0.52,0.42,0.006
20200303,-2.79,0.68,-0.63,-0.44,0.33,0.006
20200304,4.03,-1.23,-1.17,0.07,0.28,0.006
20200305,-3.38,-0.14,-1.4,-0.88,0.05,0.006
20200306,-1.78,-0.21,-1.49,0.69,0.35,0.006
20200309,-7.78,-1.33,-4.75,0.08,0.47,0.006
20200310,4.74,-2.39,0.79,0.52,0.07,0.006
20200311,-5.05,-1.05,-0.81,0.03,0.1,0.006
20200312,-9.63,-1.08,-1.18,-0.33,-0.14,0.006
20200313,8.96,-2.05,2.98,1.22,0.37,0.006
20200316,-12,-0.83,-0.76,0.49,1.38,0.006
20200317,5.87,0.44,-0.69,-0.51,-0.2,0.006
20200318,-5.56,-4.56,-4.71,0.13,0.06,0.006
20200319,1.31,5.73,0.87,-1.39,-1.7,0.006
20200320,-4.15,0.22,-0.89,-0.98,-1.13,0.006
20200323,-2.55,1.7,-3.3,0.3,-1.05,0.006
20200324,9.34,-0.28,2.39,0.47,0.16,0.006
20200325,1.18,-0.18,1.93,-0.07,0.23,0.006
20200326,6.02,-0.51,1.09,-0.62,-0.02,0.006
20200327,-3.48,-1.1,-0.76,-1.11,0.78,0.006
20200330,3.16,-0.78,-2.11,-0.26,-0.13,0.006
20200331,-1.44,1.52,-0.39,0.41,-0.05,0.006
20200401,-4.51,-2,-1.42,0.23,0.23,0
20200402,2.1,-0.97,-0.28,-0.27,0.8,0
20200403,-1.64,-1.36,-1.15,-0.23,0.35,0
20200406,7.06,1.17,0.3,1.31,-0.79,0
20200407,-0.11,0.12,2.1,0.9,-0.34,0
20200408,3.4,0.85,1.29,0.45,-0.09,0
20200409,1.59,2.44,3.17,-0.87,-0.07,0
20200413,-0.92,-1.45,-2.4,-0.49,0.04,0
20200414,3.02,-0.72,-3.13,0.25,-0.33,0
20200415,-2.15,-1.95,-2.54,-0.4,-0.22,0
20200416,0.62,-0.8,-2.97,-0.29,-0.3,0
20200417,2.72,1.51,2.77,-0.15,-0.02,0
20200420,-1.56,0.38,-0.91,-1.75,-0.38,0
20200421,-3.08,0.93,0.16,0.26,0.41,0
20200422,2.31,-0.88,-1.65,0.1,0.04,0
20200423,0.13,1.25,0.55,0.51,-0.24,0
20200424,1.44,0.24,-0.12,-0.18,0.15,0
20200427,1.73,2.15,2.7,-0.13,0.14,0
20200428,-0.45,1.72,2.84,1.35,0.74,0
20200429,2.92,2.31,2,1.24,-0.87,0
20200430,-1.18,-2.05,-1.68,0.64,-0.04,0
20200501,-2.91,-0.9,-0.97,-0.36,0.36,0
20200504,0.53,-0.13,-1.29,-0.75,-0.44,0
20200505,0.95,-0.29,-2.01,-0.49,-0.52,0
20200506,-0.52,0.1,-2.7,0.21,-0.57,0
20200507,1.33,0.15,0.39,-0.1,-0.61,0
20200508,1.9,1.89,2.45,0.84,0.42,0
20200511,0.07,-0.22,-3.78,-0.85,-0.04,0
20200512,-2.06,-1.12,-1.35,-0.64,-0.02,0
20200513,-1.89,-1.43,-2.09,-0.08,-0.27,0
20200514,1.14,-1.08,0.92,0.61,0.17,0
20200515,0.57,1.34,-1.16,0.01,-0.77,0
20200518,3.24,2.65,4.61,1.67,0.31,0
20200519,-1.01,-0.75,-1.49,0.51,-0.59,0
20200520,1.8,1.22,1.31,-0.25,-0.26,0
20200521,-0.7,0.75,0.41,0.15,0.03,0
20200522,0.27,0.25,-0.86,-0.55,-0.34,0
20200526,1.23,1.24,4.56,1.04,0.58,0
20200527,1.54,1.42,3.61,0.77,0.36,0
20200528,-0.41,-2.08,-2.43,-0.25,0.09,0
20200529,0.6,-0.79,-1.97,-0.32,-0.38,0
20200601,0.52,0.26,0.43,-0.01,-0.14,0
20200602,0.81,0.06,0.54,0.14,0.26,0
20200603,1.42,0.77,2.63,0.74,0.16,0
20200604,-0.34,0.51,2.89,0.99,0.63,0
20200605,2.5,1.08,2.76,0.72,0.04,0
20200608,1.39,0.68,2.09,-0.47,0.56,0
20200609,-0.85,-0.79,-1.93,-0.04,-0.46,0
20200610,-0.56,-1.8,-4.1,-0.32,-0.5,0
20200611,-5.91,-1.47,-3.04,-0.21,-0.22,0
20200612,1.29,0.8,1.83,0.15,0.09,0
20200615,1.09,1.44,-0.39,-0.77,-0.23,0
20200616,1.87,0.61,0.49,0.64,0.12,0
20200617,-0.4,-1.32,-1.98,-0.55,-0.23,0
20200618,0.19,0.01,-0.53,-0.4,-0.26,0
20200619,-0.45,-0.13,-0.65,-0.73,-0.19,0
20200622,0.71,0.47,-1.36,-0.38,-0.51,0
20200623,0.42,0.22,-0.6,0.58,-0.09,0
20200624,-2.61,-0.7,-1.36,-0.08,0.27,0
20200625,1.12,0.34,0.51,-0.81,0.15,0
20200626,-2.44,-0.2,-1.4,0,0.63,0
20200629,1.51,1.48,1.84,1.48,0.36,0
20200630,1.58,0,0.01,-0.39,-0.31,0
20200701,0.41,-1.71,-2.58,-0.42,-1.22,0.001
20200702,0.5,0.01,-0.13,0.41,0.15,0.001
20200706,1.65,-0.67,0.34,0.26,0.02,0.001
20200707,-1.03,-0.97,-1.5,-1.12,-0.07,0.001
20200708,0.91,0.07,-0.47,-0.43,-0.26,0.001
20200709,-0.53,-1.57,-2.6,-0.33,-0.55,0.001
20200710,1.11,0.67,3.07,0.87,0.18,0.001
20200713,-1.2,-0.28,2.04,1.09,1.09,0.001
20200714,1.35,0.38,-0.29,-0.03,0.51,0.001
20200715,1.14,2.7,1.25,0.19,0.08,0.001
20200716,-0.37,-0.15,0.8,0.27,0.33,0.001
20200717,0.3,-0.15,-1.42,-1.11,0.03,0.001
20200720,1.01,-1.11,-2.37,-0.85,-1.2,0.001
20200721,0.15,1.46,3.27,0.54,0.87,0.001
20200722,0.49,-0.64,-0.37,0.49,0,0.001
20200723,-1.2,1.22,1.97,-0.18,0.1,0.001
20200724,-0.75,-0.81,0.44,0.28,0.03,0.001
20200727,0.88,0.28,-1.99,-0.24,0.1,0.001
20200728,-0.81,-0.45,1,0.29,0.06,0.001
20200729,1.35,0.62,0.89,0.23,0.15,0.001
20200730,-0.29,0.01,-1.84,-0.53,-0.14,0.001
20200731,0.61,-1.84,-0.66,0.78,0.71,0.001
20200803,0.98,1.08,-0.84,-0.25,0.4,0
20200804,0.37,0.44,0.04,0.1,0.1,0
20200805,0.78,1.24,0.83,0.17,-0.11,0
20200806,0.53,-0.58,-0.83,0.6,0.06,0
20200807,0.02,1.58,2.4,0.54,0.14,0
20200810,0.24,1.33,1.73,0.83,1.28,0
20200811,-0.83,0.19,1.64,0.92,0.03,0
20200812,1.4,-0.85,-1.34,0.92,-0.16,0
20200813,-0.01,-0.14,-1.33,-0.63,-0.5,0
20200814,-0.04,0.06,1.08,0.44,0.2,0
20200817,0.45,0.04,-1.93,-0.81,-0.46,0
20200818,0.22,-1.32,-1.42,0.02,-0.54,0
20200819,-0.38,0.48,0.1,-0.03,-0.11,0
20200820,0.31,-0.96,-1.54,0.08,-0.45,0
20200821,0.26,-1.25,-0.43,0.6,0.72,0
20200824,0.92,0.2,2.6,1.14,0.58,0
20200825,0.36,-0.01,-0.65,-0.47,-0.69,0
20200826,1,-1.73,-1.74,-0.13,-0.85,0
20200827,0.18,-0.01,0.95,0.59,-0.53,0
20200828,0.7,0.37,-0.23,0.13,-0.08,0
20200831,-0.04,-0.93,-1.76,-0.71,-0.11,0
20200901,0.92,0.19,-0.3,0.6,0.13,0
20200902,1.27,-0.26,-0.45,0.76,-0.4,0
20200903,-3.7,0.44,2.6,-0.09,-0.15,0
20200904,-0.87,0.35,2.06,0.8,0.87,0
20200908,-2.91,0.92,-0.28,-0.72,-0.61,0
20200909,2.07,-0.61,-2,-0.17,-0.2,0
20200910,-1.64,0.38,-0.07,-0.39,-0.36,0
20200911,-0.06,-0.62,0.89,0.23,0.47,0
20200914,1.59,1.03,-0.8,-0.82,0,0
20200915,0.57,-0.63,-1.43,0.12,-0.35,0
20200916,-0.39,1.22,1.31,-0.94,0.27,0
20200917,-0.85,0.47,0.2,0.07,0.64,0
20200918,-0.88,0.78,-0.21,-1.12,-0.47,0
20200921,-1.08,-2.69,-1.88,-0.49,-0.28,0
20200922,1.02,-0.47,-1.63,0.58,-0.5,0
20200923,-2.48,-0.65,0.16,0.2,-0.18,0
20200924,0.25,-0.19,0.38,0.52,0.11,0
20200925,1.72,-0.16,-1.34,-0.51,-0.63,0
20200928,1.66,0.88,1.05,0.4,0.18,0
20200929,-0.42,0.41,-1.33,-0.79,-0.59,0
20200930,0.79,-0.69,0.15,0.34,0.12,0
20201001,0.79,0.79,-0.54,-0.02,-0.58,0
20201002,-0.96,1.68,2.44,0.57,0.34,0
20201005,1.93,0.88,-0.11,-0.47,0.12,0
20201006,-1.28,0.84,0.26,-0.51,-0.05,0
20201007,1.84,0.49,0.22,-0.28,0.13,0
20201008,0.8,0.28,0.99,0.22,0.25,0
20201009,0.93,-0.33,-1.41,-0.18,-0.29,0
20201012,1.53,-1.01,-0.09,0.79,0.34,0
20201013,-0.41,-0.18,-1.72,-0.88,-0.98,0
20201014,-0.65,0,0.03,0.36,0.67,0
20201015,-0.08,1.17,1.14,0.17,0.19,0
20201016,-0.06,-0.13,0.06,-0.04,-0.12,0
20201019,-1.53,0.35,0.3,-0.34,-0.24,0
20201020,0.34,-0.09,1.26,0.54,0.16,0
20201021,-0.36,-0.47,0.41,0.53,-0.01,0
20201022,0.67,0.95,1.03,-0.58,-0.09,0
20201023,0.38,0.38,0.04,-0.15,-0.35,0
20201026,-1.85,-0.48,-0.39,-0.14,-0.02,0
20201027,-0.23,-0.62,-2.33,-0.41,-0.73,0
20201028,-3.41,0.18,0.58,-0.46,0,0
20201029,1.13,0.16,0.27,0.32,0.6,0
20201030,-1.45,-0.24,1.86,0.25,-0.08,0
20201102,1.17,0.87,0.99,0.42,0.39,0
20201103,1.93,1,-0.2,-0.18,0.02,0
20201104,2.25,-2.56,-5,-0.72,-1.71,0
20201105,2.13,1.04,0.52,0.36,0.55,0
20201106,0.01,-1.09,-0.93,-0.23,-0.11,0
20201109,0.86,2.82,6.74,0.79,0.83,0
20201110,-0.17,2.09,2.16,0.32,1.28,0
20201111,0.88,-1.09,-1.75,-0.64,-0.18,0
20201112,-0.94,-0.56,-1.18,-0.67,-0.23,0
20201113,1.31,0.93,1.14,0.59,0.43,0
20201116,1.22,1.25,2,0.71,0.86,0
20201117,-0.19,0.6,0,-0.42,-0.42,0
20201118,-0.93,-0.05,0.02,0.07,-0.4,0
20201119,0.59,0.28,-0.76,-0.66,-0.19,0
20201120,-0.51,0.6,-0.61,-0.74,-0.1,0
20201123,0.83,1.4,1.57,0.34,0.05,0
20201124,1.56,0.51,2.76,0.53,0.52,0
20201125,0.03,-0.27,-1.33,-0.39,-0.53,0
20201127,0.43,0.15,-1.62,-0.77,-0.31,0
20201130,-0.53,-1.55,-2.07,-0.5,0.48,0
20201201,0.98,-0.08,0.54,1.06,0.49,0
20201202,0.11,0.21,1.07,0.38,0.6,0
20201203,0.18,0.55,-0.09,-0.29,0.19,0
20201204,1.02,1.59,0.84,-0.32,0.59,0
20201207,0.03,-0.06,-1.02,-0.56,-0.49,0
20201208,0.47,0.89,-0.71,-0.71,0,0
20201209,-1.03,0.31,1.28,0.85,0.28,0
20201210,0.24,0.93,-0.47,-1.52,-0.27,0
20201211,-0.2,-0.58,-0.71,-0.57,-0.55,0
20201214,-0.28,0.22,-1.52,-0.4,-0.8,0
20201215,1.28,1.14,0.36,0.44,0.55,0
20201216,0.17,-0.58,-0.38,0.03,-0.2,0
20201217,0.79,0.5,-0.71,-0.59,-0.21,0
20201218,-0.12,-0.19,-1.17,-0.4,-0.75,0
20201221,-0.23,0.23,-0.05,-1.02,0.32,0
20201222,0.06,0.84,-1.61,-0.84,-0.07,0
20201223,0.1,0.87,2.03,0.29,0.41,0
20201224,0.21,-0.44,-0.19,0.25,-0.08,0
20201228,0.46,-0.68,0.36,1.39,0.46,0
20201229,-0.4,-1.42,0.24,0.78,-0.29,0
20201230,0.27,1.06,0.03,-0.65,-0.05,0
20201231,0.39,-0.71,0.41,0.56,-0.24,0
20210104,-1.41,0.16,0.58,-0.64,0.1,0
20210105,0.86,1.31,0.48,0.36,0.55,0
20210106,0.79,3.15,3.93,0.06,0.53,0
20210107,1.76,0.02,-0.83,-1.5,-0.2,0
20210108,0.51,-1.01,-1.38,-0.43,-0.37,0
20210111,-0.51,0.54,1.26,-0.17,0.45,0
20210112,0.38,1.48,1.21,-0.45,0.42,0
20210113,0.07,-1.02,-0.45,-0.22,-0.05,0
20210114,-0.11,2.37,1.11,-1.01,0.43,0
20210115,-0.86,-0.73,-0.76,0.27,-0.47,0
20210119,0.92,0.75,-0.8,-0.69,0.09,0
20210120,1.26,-0.75,-1.08,0.63,-0.38,0
20210121,-0.04,-0.77,-0.94,0.84,0.38,0
20210122,-0.07,1.64,-0.12,-0.67,0.63,0
20210125,0.29,-0.28,-0.41,0.23,0.98,0
20210126,-0.32,-0.02,0.01,1.01,1.06,0
20210127,-2.53,1.19,1.55,0.59,2.46,0
20210128,0.92,-1.69,-0.91,-1.06,-2.26,0
20210129,-1.84,0.41,0.58,-0.75,0.38,0
20210201,1.73,0.74,-1.47,-0.23,-1.22,0
20210202,1.48,-0.79,-1.08,-1.02,-2.14,0
20210203,0.15,0.68,0.7,-0.12,0.16,0
20210204,1.23,0.6,0.37,-0.09,-0.22,0
20210205,0.58,0.94,-0.47,-0.73,0.41,0
20210208,0.96,2.25,0.39,-0.94,0.73,0
20210209,0.05,0.7,-0.17,-0.73,-0.49,0
20210210,-0.08,-0.44,0.64,0.19,-0.03,0
20210211,0.19,-0.35,-0.43,-0.3,-0.08,0
20210212,0.49,-0.13,0.49,-0.37,-0.05,0
20210216,-0.14,-0.24,1.88,0.15,0,0
20210217,-0.21,-0.68,0.61,0.29,-0.14,0
20210218,-0.63,-1.47,-0.19,0.91,-0.45,0
20210219,0.16,2.04,0.71,-0.44,0.55,0
20210222,-1.13,0.72,3.16,1.7,0.86,0
20210223,-0.15,-1.03,0.9,1.16,-0.21,0
20210224,1.15,1.49,1.41,-0.31,0.33,0
20210225,-2.74,-0.92,0.92,0.99,0.42,0
20210226,-0.28,0.34,-1.57,-0.05,-0.37,0
20210301,2.63,1.11,0.23,-0.41,0.23,0
20210302,-1.05,-0.77,1.24,0.62,0.2,0
20210303,-1.57,0.64,3.57,1.67,1.05,0
20210304,-1.7,-1.11,1.71,1.29,0.44,0
20210305,1.85,0.36,0.62,0.97,0.51,0
20210308,-0.67,1.47,3.7,1.63,0.88,0
20210309,1.79,0.45,-3.24,-1.87,-0.46,0
20210310,0.68,1.19,1.82,-0.07,0.14,0
20210311,1.44,1.08,-2.02,-1.42,-0.8,0
20210312,0.1,0.52,1.3,0.64,0.59,0
20210315,0.7,-0.33,-1.29,0.21,0.08,0
20210316,-0.43,-1.36,-0.83,0.31,-0.02,0
20210317,0.33,0.65,0.33,-0.05,0.15,0
20210318,-1.88,-1.21,2.18,0.96,0.45,0
20210319,0.25,0.93,-0.99,-0.8,-0.54,0
20210322,0.55,-1.7,-2.21,-0.25,-0.09,0
20210323,-1.17,-2.95,-1.04,0.58,-0.79,0
20210324,-1.01,-1.58,1.47,1.39,0.11,0
20210325,0.67,2.01,1.39,0.46,1.12,0
20210326,1.55,0.19,0.69,0.79,0.57,0
20210329,-0.49,-2.49,-0.23,0.91,-0.01,0
20210330,-0.02,1.83,1,-0.25,-0.2,0
20210331,0.63,0.59,-2.33,-1.2,-0.25,0
20210401,1.27,0.21,0,-0.68,-0.51,0
20210405,1.27,-0.7,-0.71,1,0.09,0
20210406,0.01,-0.32,0.1,-0.11,-0.28,0
20210407,-0.12,-1.54,0.32,0.7,-0.11,0
20210408,0.62,0.26,-1.16,-0.55,-0.38,0
20210409,0.65,-0.62,0.14,0.8,0.13,0
20210412,-0.05,-0.47,0.58,0.74,-0.34,0
20210413,0.41,-0.77,-1.61,-1.09,-0.37,0
20210414,-0.35,1.17,1.41,0.02,0.68,0
20210415,1.04,-0.79,-1.19,0.1,-0.53,0
20210416,0.27,-0.19,0.65,0.84,0.17,0
20210419,-0.73,-0.66,0.79,0.72,0.41,0
20210420,-0.94,-1.37,-1.56,0.38,-0.48,0
20210421,1.11,1.53,0.1,-0.46,0.1,0
20210422,-0.77,0.64,-0.76,-0.19,-0.21,0
20210423,1.26,0.76,0.7,-0.34,0.05,0
20210426,0.43,0.8,-0.5,-1.22,-0.05,0
20210427,-0.03,0.08,0.84,0.53,0.05,0
20210428,-0.06,0.29,0.19,-0.31,-0.33,0
20210429,0.39,-0.77,1.09,1.35,-0.24,0
20210430,-0.83,-0.51,-0.33,0.14,-0.43,0
20210503,0.17,0.72,1.7,1.1,1.07,0
20210504,-0.89,-0.25,2,1.1,0.58,0
20210505,-0.06,-0.16,1.34,0.66,0.62,0
20210506,0.48,-0.54,1.2,1.24,0.59,0
20210507,0.84,0.45,-0.09,-0.24,0.14,0
20210510,-1.36,-1.29,1.7,1.17,0.73,0
20210511,-0.63,0.7,-0.89,-0.83,-0.07,0
20210512,-2.34,-1.15,0.71,-0.27,0.13,0
20210513,1.02,0.47,1.14,1.4,0.36,0
20210514,1.81,0.96,-0.15,-0.25,-0.01,0
20210517,-0.24,0.73,0.83,0.01,0.56,0
20210518,-0.69,0.06,-0.94,-1.03,-0.43,0
20210519,-0.34,-0.52,-0.46,-0.18,-0.32,0
20210520,1.15,-0.49,-1.42,-0.85,-0.48,0
20210521,-0.04,0.46,0.98,-0.11,-0.07,0
20210524,0.99,-0.48,-0.69,0.25,-0.29,0
20210525,-0.3,-0.85,-1.23,0.21,-0.16,0
20210526,0.47,1.78,0.56,-0.54,0.14,0
20210527,0.28,1.08,0.94,-0.26,0.28,0
20210528,0.04,-0.37,-0.3,-0.19,-0.42,0
20210601,0.03,1.4,1.45,0.3,0.39,0
20210602,0.12,-0.21,0.31,-0.08,0.69,0
20210603,-0.53,-0.24,0.72,0.41,0.32,0
20210604,0.89,-0.6,-0.89,-0.13,-0.21,0
20210607,0.15,1.28,-0.96,-1.01,-0.19,0
20210608,0.19,1.08,-0.31,0.06,-0.06,0
20210609,-0.3,-0.45,-0.84,0.15,0.17,0
20210610,0.4,-1.33,-2.04,-0.56,-1.06,0
20210611,0.37,0.71,0.18,0.04,-0.02,0
20210614,0.15,-0.75,-1.61,-0.59,-0.48,0
20210615,-0.3,0.21,1.3,0.69,0.11,0
20210616,-0.45,0.43,0.2,-0.34,-0.25,0
20210617,0.01,-1.34,-3.57,-0.69,-1.09,0
20210618,-1.22,-0.8,-1.44,-0.44,-0.7,0
20210621,1.34,0.83,1.06,0.41,0.32,0
20210622,0.58,-0.1,-0.43,0.19,0.21,0
20210623,0.01,0.51,-0.29,-0.48,-0.22,0
20210624,0.69,0.74,0.23,-0.38,0.26,0
20210625,0.31,-0.5,0.43,-0.13,0.06,0
20210628,0.22,-0.85,-1.6,-0.51,-0.13,0
20210629,0,-0.4,-0.29,0.31,0.4,0
20210630,0.07,0.12,0.76,0.72,0.62,0
20210701,0.43,0.4,0.42,0.01,0.44,0
20210702,0.56,-1.52,-0.71,0.66,-0.16,0
20210706,-0.28,-1.04,-1.98,0.56,-0.7,0
20210707,0.09,-0.86,0.08,1.7,0.33,0
20210708,-0.86,0,-0.77,-0.22,-0.02,0
20210709,1.25,0.85,1.57,-0.18,0.35,0
20210712,0.23,-0.01,0.56,0.29,-0.28,0
20210713,-0.56,-1.23,-0.41,0.72,0.11,0
20210714,-0.26,-1.17,0.35,1.93,0.59,0
20210715,-0.38,-0.26,0.78,0.34,-0.06,0
20210716,-0.77,-0.4,-1.25,0.12,-0.82,0
20210719,-1.41,0.03,-1.74,-0.42,-1.13,0
20210720,1.69,0.85,0.16,-0.57,0.4,0
20210721,0.95,0.73,0.79,-0.98,0.05,0
20210722,0.09,-1.56,-1.01,0.5,-0.4,0
20210723,0.98,-0.34,-0.46,0.49,-0.33,0
20210726,0.18,0.1,1.33,0.28,0.88,0
20210727,-0.66,-0.47,0.6,0.45,0.13,0
20210728,0.27,1.21,-0.65,-1.56,-0.7,0
20210729,0.41,0.22,0.94,0.82,0.52,0
20210730,-0.65,-0.08,-0.17,0.56,0.4,0
20210802,-0.12,-0.12,-0.41,-0.06,-0.32,0
20210803,0.73,-0.41,0.92,0.64,0.2,0
20210804,-0.39,-0.95,-1.57,-0.37,-1.1,0
20210805,0.74,1.07,-0.11,-1.32,-0.42,0
20210806,0.09,0.46,1.9,0.58,0.36,0
20210809,0.01,-0.45,-0.27,-0.63,-0.55,0
20210810,0.06,0.38,1.82,0.71,0.92,0
20210811,0.19,0.31,1.41,0.89,0.51,0
20210812,0.24,-0.7,-0.4,0.06,0.1,0
20210813,0,-0.95,-0.25,0.7,-0.01,0
20210816,-0.05,-0.86,0.05,1.66,0.16,0
20210817,-0.8,-0.5,-0.11,-0.29,0.1,0
20210818,-0.95,0.12,-0.19,-0.31,-0.68,0
20210819,-0.15,-0.96,-0.81,1.39,-0.46,0
20210820,0.92,0.86,-0.48,-0.37,-0.28,0
20210823,1.08,0.76,-0.85,-1.84,-0.07,0
20210824,0.41,0.41,0.36,-0.72,0.06,0
20210825,0.26,0.06,0.36,-0.43,-0.02,0
20210826,-0.65,-0.44,-0.31,-0.05,-0.15,0
20210827,1.07,1.64,0.3,-0.71,0.14,0
20210830,0.35,-0.69,-1.37,0.67,0.14,0
20210831,-0.13,0.46,-0.05,-0.45,-0.22,0
20210901,0.11,0.4,-0.94,-0.43,-0.37,0
20210902,0.36,0.2,-0.04,-0.43,0.58,0
20210903,-0.01,-0.55,-0.25,0.04,-0.27,0
20210907,-0.36,-0.36,-0.09,-0.6,0.17,0
20210908,-0.34,-0.74,0.08,0.76,0.18,0
20210909,-0.27,0.26,0.09,-0.8,-0.31,0
20210910,-0.76,-0.03,0.02,0.22,-0.49,0
20210913,0.14,0.23,1.34,0.22,0.98,0
20210914,-0.66,-0.68,-0.96,0.43,-0.46,0
20210915,0.88,0.13,0.63,-0.25,0.47,0
20210916,-0.03,-0.09,-0.55,-0.4,-0.55,0
20210917,-0.72,0.98,-0.06,-0.64,-0.43,0
20210920,-1.87,-0.58,0.23,0.76,0.28,0
20210921,0.05,0.26,-0.67,-0.44,-0.32,0
20210922,1,0.15,0.53,-0.52,0.49,0
20210923,1.28,0.46,0.92,-1.01,0.2,0
20210924,0.08,-0.39,0.7,0.58,0.26,0
20210927,-0.1,1.71,2.43,-0.26,0.73,0
20210928,-2.18,0,1.76,0.85,1.07,0
20210929,0.03,-0.19,0.81,1.16,0.34,0
20210930,-1.02,0.08,-0.78,-1.23,-0.36,0
20211001,1.1,0.47,0.5,-0.1,0.61,0
20211004,-1.43,0.4,2.33,0.71,1.08,0
20211005,1.05,-0.57,-0.07,-0.07,-0.3,0
20211006,0.33,-0.99,-0.48,0.34,-0.67,0
20211007,1.01,0.45,-0.17,-0.08,0.06,0
20211008,-0.28,-0.45,1.12,0.1,0.62,0
20211011,-0.72,0.23,-0.28,-0.03,0.3,0
20211012,-0.06,0.56,-0.44,-0.89,-0.25,0
20211013,0.43,-0.08,-1.06,-0.48,-0.78,0
20211014,1.65,-0.38,-0.27,-0.01,-0.14,0
20211015,0.63,-1.13,0.3,0.37,-0.06,0
20211018,0.41,-0.41,-0.01,0.56,-0.05,0
20211019,0.71,-0.47,-0.22,-0.16,0.08,0
20211020,0.34,0.23,1.18,0.29,0.52,0
20211021,0.37,0.03,-0.95,0.32,-0.62,0
20211022,-0.25,0.01,1.01,0.44,0.52,0
20211025,0.58,0.37,-0.15,-0.42,-0.36,0
20211026,0.04,-0.78,-0.31,-0.36,-0.14,0
20211027,-0.76,-0.95,-1.18,0.85,-0.6,0
20211028,1.14,0.81,-0.49,-0.34,-0.17,0
20211029,0.22,0.13,-0.83,0.55,-0.79,0
20211101,0.51,2.05,0.44,-1.12,0.02,0
20211102,0.24,-0.33,-0.54,0.42,0.13,0
20211103,0.8,1.44,-0.13,0.21,-0.38,0
20211104,0.39,-0.28,-1.37,0.65,-0.73,0
20211105,0.38,0.78,1.2,0.01,1.29,0
20211108,0.18,0.02,0.06,-0.5,-0.09,0
20211109,-0.35,-0.14,0.45,0.58,0.3,0
20211110,-1.07,-0.31,0.93,1.37,-0.08,0
20211111,0.24,0.63,0.33,0.14,0.09,0
20211112,0.74,-0.46,-0.91,0.39,-0.31,0
20211115,-0.02,-0.47,0.7,0.57,0.47,0
20211116,0.5,-0.17,-0.71,0.18,-0.65,0
20211117,-0.47,-0.63,-0.25,0.81,0.16,0
20211118,0.06,-0.74,-0.07,1.26,-0.07,0
20211119,-0.2,-0.4,-1.28,1.04,-0.58,0
20211122,-0.61,0.05,2.76,1.25,1.62,0
20211123,-0.04,-0.2,1.74,0.24,1.14,0
20211124,0.3,-0.13,-0.87,-0.53,-0.22,0
20211126,-2.22,-1.28,-0.92,0.25,-0.61,0
20211129,1.11,-1.3,-0.78,0.38,-0.33,0
20211130,-1.95,0.16,-1.13,-0.11,0.43,0
20211201,-1.61,-0.48,1.11,2.3,0.76,0
20211202,1.51,1,1.26,-0.65,0.04,0
20211203,-1.21,-0.87,1.07,1.79,1.03,0
20211206,1.19,0.84,0.62,0.09,0.62,0
20211207,2.22,-0.16,-1.79,-1.47,-0.45,0
20211208,0.47,0.34,-0.83,-0.97,0.2,0
20211209,-1.07,-1.06,1.57,1.42,0.98,0
20211210,0.7,-0.87,0.5,1.38,0.77,0
20211213,-1.04,-0.28,-0.99,0.3,-0.32,0
20211214,-0.76,-0.35,1.64,0.41,0.17,0
20211215,1.62,0.02,-1.91,0.04,-0.35,0
20211216,-1.2,-0.85,2.78,0.64,0.65,0
20211217,-0.65,1.47,-2.32,-1.72,-0.37,0
20211220,-1.27,-0.21,-0.41,0.03,0.15,0
20211221,2.06,0.67,0.19,-1.08,-0.2,0
20211222,0.97,0.18,-0.36,0.35,0.08,0
20211223,0.71,0.29,-0.48,-0.37,-0.39,0
20211227,1.22,-0.13,0.3,0.97,0.48,0
20211228,-0.27,-0.41,0.81,0.85,0.21,0
20211229,0.06,-0.02,0.17,0.69,0.02,0
20211230,-0.15,0.07,-0.4,-0.83,-0.43,0
20211231,-0.31,0.17,0.53,0.36,0.41,0
20220103,0.73,0.43,0.77,-1.16,0.57,0
20220104,-0.29,-0.07,3.63,0.63,1.48,0
20220105,-2.28,-0.94,2.6,1.4,1.23,0
20220106,0,0.38,1.75,-0.56,-0.01,0
20220107,-0.48,-0.95,2.01,-0.13,0.84,0
20220110,-0.15,-0.3,-0.28,-0.04,-0.4,0
20220111,1.1,-0.2,-0.3,-1.25,0.37,0
20220112,0.12,-0.85,0.5,0.75,0.27,0
20220113,-1.57,0.86,2.41,1.16,1.02,0
20220114,0.08,0.05,0.54,-0.85,0.47,0
20220118,-2.08,-0.91,1.37,0.8,0.97,0
20220119,-1.01,-0.36,-0.67,0.24,0.08,0
20220120,-1.14,-0.84,-0.23,-0.3,0.13,0
20220121,-2.1,0.38,0.49,1.03,0.48,0
20220124,0.53,1.74,-0.25,-0.07,-0.67,0
20220125,-1.43,-0.18,2.79,-0.79,1.61,0
20220126,-0.3,-1.06,0.1,0.43,-0.06,0
20220127,-0.79,-1.46,0.78,1.05,0.97,0
20220128,2.45,-0.62,-2.07,0.17,0.23,0
20220131,2.34,0.71,-2.86,-1.82,-1.61,0
20220201,0.87,0.13,0.65,-1.07,0.38,0
20220202,0.48,-1.58,0.72,1.48,0.51,0
20220203,-2.49,0.45,2.18,0.42,1.33,0
20220204,0.89,-0.28,-0.6,-1.7,-1.12,0
20220207,-0.25,0.66,0.23,-0.7,-0.02,0
20220208,1.02,0.73,-0.28,0.92,-0.45,0
20220209,1.61,0.03,-1.96,-1.11,-0.24,0
20220210,-1.69,0.03,1.23,-0.55,0.32,0
20220211,-1.92,0.91,2.13,-0.18,1.44,0
20220214,-0.35,0.07,-0.59,0.68,-0.2,0
20220215,1.87,1.04,-1.43,-0.69,-0.84,0
20220216,-0.02,0.05,0.31,0.6,0.44,0
20220217,-2.28,-0.05,1.1,0.88,1.45,0
20220218,-0.87,0.1,0.93,1.05,0.41,0
20220222,-1.18,-0.36,0.11,-0.05,0.15,0
20220223,-1.96,0.06,1.25,0.01,1.03,0
20220224,1.89,0.71,-3.86,-1.79,-1.73,0
20220225,2.23,-0.12,1.2,0.37,-0.22,0
20220228,0.05,0.4,-0.5,-0.8,0.28,0
20220301,-1.56,-0.28,-0.8,-0.4,0.56,0
20220302,1.81,0.6,1.34,0.52,0.41,0
20220303,-0.88,-0.22,1.52,1.24,1.23,0
20220304,-1.1,-0.5,0.68,0.39,1.22,0
20220307,-3.12,0.72,0.89,-0.68,1.33,0
20220308,-0.52,0.98,0.32,-1.14,-0.26,0
20220309,2.8,0,-2.1,-0.42,-1.54,0
20220310,-0.47,0.31,1.16,-0.33,0.35,0
20220311,-1.49,-0.13,1.79,0.98,0.6,0
20220314,-1.06,-0.85,1.77,2.19,0.05,0
20220315,2.15,-0.49,-2.39,0.75,-1,0
20220316,2.61,0.44,-1.84,-1.17,-1.53,0
20220317,1.43,0.17,-1.1,-1.6,-0.14,0
20220318,1.33,-0.19,-1.85,-0.55,-0.77,0
20220321,-0.18,-0.94,1.59,-0.17,1.57,0
20220322,1.31,-0.22,-1.16,-0.82,-1.01,0
20220323,-1.26,-0.61,0.37,-0.49,1.53,0
20220324,1.42,-0.32,-0.79,-0.47,-0.2,0
20220325,0.27,-0.3,2.18,0.23,1.32,0
20220328,0.73,-0.87,-1.69,0.5,-1.17,0
20220329,1.45,1.19,-1.93,-0.34,-0.98,0
20220330,-0.83,-1.11,0.4,0.39,0.91,0
20220331,-1.55,0.63,-0.44,-0.22,0.4,0
20220401,0.39,0.57,-0.59,-0.91,0.07,0.001
20220404,0.94,-0.55,-1.88,-0.78,-0.66,0.001
20220405,-1.54,-0.73,0.84,0.72,0.18,0.001
20220406,-1.24,-0.3,1.08,0.24,0.85,0.001
20220407,0.33,-0.6,-0.13,0.37,0.34,0.001
20220408,-0.39,-0.53,2.24,0.37,1.03,0.001
20220411,-1.53,0.62,1.07,0.45,0.06,0.001
20220412,-0.29,0.57,0.46,-0.25,1.05,0.001
20220413,1.4,0.63,-0.72,-1.01,0.03,0.001
20220414,-1.28,0.33,1.41,0.18,0.94,0.001
20220418,-0.21,-0.58,1.81,0.76,0.62,0.001
20220419,1.77,0.4,-0.95,0.53,-1.26,0.001
20220420,-0.28,0.48,1.26,0.78,1.13,0.001
20220421,-1.75,-0.56,0.42,1.77,0.4,0.001
20220422,-2.74,0.25,-0.15,-0.14,-0.23,0.001
20220425,0.71,0.11,-1.83,0.11,-1.06,0.001
20220426,-3,-0.36,1.8,0.24,1.22,0.001
20220427,0.12,-0.56,0.34,0.14,0.8,0.001
20220428,2.44,-0.51,-0.44,0.46,0.09,0.001
20220429,-3.53,0.86,0.59,-0.22,0.67,0.001
20220502,0.8,0.38,-1.15,-0.61,-1.34,0.001
20220503,0.41,0.16,1.62,-0.02,1.15,0.001
20220504,3,-0.46,0.24,0,0.08,0.001
20220505,-3.8,-0.24,2.37,0.59,1.15,0.001
20220506,-0.85,-1,1.77,0.99,1.37,0.001
20220509,-3.54,-0.06,1.38,4.21,-0.28,0.001
20220510,0.2,-0.49,-1.22,-0.67,0.31,0.001
20220511,-1.95,-0.58,2.59,0.7,0.97,0.001
20220512,0.17,1.18,-1.23,-0.36,-1.14,0.001
20220513,2.76,0.4,-2.21,-2.15,-0.69,0.001
20220516,-0.6,0.1,1.34,0.19,1.33,0.001
20220517,2.14,0.94,-0.05,-0.7,-0.32,0.001
20220518,-4.04,0.46,1.54,-0.54,0.36,0.001
20220519,-0.34,0.4,-0.8,-1.21,-0.86,0.001
20220520,-0.05,-0.14,-0.18,-0.1,0.16,0.001
20220523,1.74,-0.91,1.29,-0.04,1.03,0.001
20220524,-1.23,-0.49,1.86,1.42,1.14,0.001
20220525,1.22,0.75,0.21,-0.54,0,0.001
20220526,2.18,0.02,-0.62,-0.15,-0.31,0.001
20220527,2.58,0.04,-1.31,-0.66,-0.26,0.001
20220531,-0.71,-0.39,0.44,0.81,-0.25,0.001
20220601,-0.75,0.21,0.79,-0.19,1.08,0.003
20220602,2.09,0.41,-2.07,-0.45,-1.49,0.003
20220603,-1.63,1.02,0.53,-0.8,0.46,0.003
20220606,0.33,0.06,0.65,0.47,0.18,0.003
20220607,0.99,0.19,-0.15,-1.58,0.66,0.003
20220608,-1.02,-0.26,-0.53,-0.69,-0.23,0.003
20220609,-2.44,0.44,0.26,0.86,0.15,0.003
20220610,-3,0.27,0.62,0.31,0.48,0.003
20220613,-4.13,-0.48,0.62,1.71,-0.36,0.003
20220614,-0.25,0.12,0.12,0.11,0.04,0.003
20220615,1.55,-0.02,-1.65,-0.2,-1.14,0.003
20220616,-3.52,-1.1,0.03,0.62,-0.64,0.003
20220617,0.47,0.72,-2.62,0.37,-2.01,0.003
20220621,2.38,-0.82,0.23,-0.92,-0.01,0.003
20220622,-0.18,0.03,-1.77,0.62,-1.6,0.003
20220623,1.13,0.3,-3.85,0.5,-1.87,0.003
20220624,3.11,-0.41,-0.04,0.11,-0.32,0.003
20220627,-0.28,0.77,1.24,-0.3,1.28,0.003
20220628,-2.1,0.04,2.36,-0.68,1.29,0.003
20220629,-0.2,-0.59,-1.3,1.09,-0.85,0.003
20220630,-0.96,0.51,-0.14,0.89,-0.16,0.003
20220701,1.15,0,0.11,-0.75,-0.08,0.004
20220705,0.49,1.1,-3.35,-1.69,-2.14,0.004
20220706,0.17,-0.89,-0.72,0.06,-0.3,0.004
20220707,1.77,0.88,-0.98,-0.8,-1.33,0.004
20220708,-0.07,0.07,-0.06,-0.26,-0.23,0.004
20220711,-1.39,-0.97,1.59,1.69,1.24,0.004
20220712,-0.88,0.87,0.51,0.07,0.82,0.004
20220713,-0.39,0.43,-0.39,0.03,-0.34,0.004
20220714,-0.41,-0.47,-1.01,0.81,-0.03,0.004
20220715,1.95,0.04,0.45,-0.21,-0.38,0.004
20220718,-0.71,0.37,1.02,0.12,-0.09,0.004
20220719,2.8,0.86,-0.56,-0.3,-0.6,0.004
20220720,0.89,1.09,-1.31,-1.5,-1.5,0.004
20220721,0.97,-0.32,-1.61,-0.27,-0.9,0.004
20220722,-1.19,-0.82,1.38,1.71,1.52,0.004
20220725,0.11,0.1,1.68,0.64,0.52,0.004
20220726,-1.32,0.34,1.06,0.57,1.18,0.004
20220727,2.72,0.15,-1.27,-0.21,-1.35,0.004
20220728,1.19,-0.04,-0.87,0.15,-0.86,0.004
20220729,1.44,-0.88,0.45,0.48,-1.18,0.004
20220801,-0.19,0.18,-0.26,0.17,0.35,0.008
20220802,-0.49,0.56,-1.4,-2.16,-0.45,0.008
20220803,1.67,0.28,-1.92,-1.48,-0.69,0.008
20220804,-0.06,0.39,-1.65,-1.29,-0.84,0.008
20220805,-0.05,0.95,-0.06,-1.29,-0.24,0.008
20220808,0,0.97,-0.08,-0.45,0.21,0.008
20220809,-0.68,-1.38,2.11,0.89,1.29,0.008
20220810,2.36,0.77,-1.6,-1.37,-1.37,0.008
20220811,-0.07,0.23,1.66,0.72,0.86,0.008
20220812,1.76,0.49,-0.75,-0.66,-0.54,0.008
20220815,0.38,-0.01,-0.64,-0.19,-0.01,0.008
20220816,0.19,-0.15,0.71,1.04,0.54,0.008
20220817,-0.93,-0.92,1.04,1.26,0.66,0.008
20220818,0.27,0.35,0.47,0.77,0.08,0.008
20220819,-1.5,-0.94,0.96,1.06,1.26,0.008
20220822,-2.14,-0.03,0.37,0.18,0.2,0.008
20220823,-0.11,0.12,0.33,-0.38,-0.2,0.008
20220824,0.4,0.52,-0.62,-1.45,-0.5,0.008
20220825,1.45,0.14,-0.01,0.12,-0.41,0.008
20220826,-3.37,-0.28,1.69,0.24,0.86,0.008
20220829,-0.72,-0.38,0.42,0.23,0.42,0.008
20220830,-1.11,-0.38,-0.24,-0.25,0.12,0.008
20220831,-0.74,0.22,-0.44,-0.63,-0.12,0.008
20220901,-0.01,-1.04,-0.29,0.64,0.56,0.009
20220902,-0.99,0.12,1.07,-0.08,0.25,0.009
20220906,-0.51,-0.56,-0.52,-0.15,-0.68,0.009
20220907,1.92,0.41,-1.53,-1.3,-0.53,0.009
20220908,0.78,-0.15,-0.2,-1.31,-1.04,0.009
20220909,1.67,0.38,-0.51,-0.1,-0.49,0.009
20220912,1.07,0.26,-0.17,-0.16,-0.16,0.009
20220913,-4.29,0.04,1.44,-0.32,0.9,0.009
20220914,0.44,-0.18,-0.28,-0.76,-0.45,0.009
20220915,-1.03,0.41,0.54,-0.37,0.21,0.009
20220916,-0.98,-0.73,0.85,1.66,0.95,0.009
20220919,0.72,-0.07,0.66,0.6,-0.07,0.009
20220920,-1.16,-0.3,0.05,-0.12,0.34,0.009
20220921,-1.68,0.34,0.08,0.37,0.09,0.009
20220922,-1.14,-1.16,0.41,1.15,0.9,0.009
20220923,-1.85,-0.48,-0.81,0.2,-0.23,0.009
20220926,-1.02,-0.06,-0.75,0.18,-0.41,0.009
20220927,-0.05,0.57,-0.93,-0.61,-0.89,0.009
20220928,2.15,0.91,-0.33,-0.85,-0.71,0.009
20220929,-2.17,-0.28,0.86,0.44,0.5,0.009
20220930,-1.42,0.59,0.27,-0.67,-0.09,0.009
20221003,2.55,0.02,0.69,0.88,0.34,0.011
20221004,3.3,0.72,-0.06,-1.03,-0.3,0.011
20221005,-0.22,-0.37,0.08,0.31,0.16,0.011
20221006,-0.86,0.46,0.12,-0.09,-0.48,0.011
20221007,-2.91,-0.23,1.67,0.95,1.45,0.011
20221010,-0.81,0.24,0.77,1.54,0.4,0.011
20221011,-0.7,0.61,0.32,0.58,0.66,0.011
20221012,-0.27,0.03,0.01,-0.02,0,0.011
20221013,2.4,-0.27,1.57,0.56,0.96,0.011
20221014,-2.46,-0.2,1.21,0.53,1.57,0.011
20221017,2.74,0.36,-1.42,-1,-1.17,0.011
20221018,1.19,-0.13,0,-0.42,0.03,0.011
20221019,-0.87,-1.18,1.21,0.65,0.75,0.011
20221020,-0.8,-0.34,-0.43,-0.6,0.12,0.011
20221021,2.3,-0.05,0.11,0.6,-0.22,0.011
20221024,1.03,-0.63,0.45,1.17,0.48,0.011
20221025,1.78,1.02,-1.52,-1.16,-1.23,0.011
20221026,-0.66,0.69,0.89,-0.81,0.68,0.011
20221027,-0.54,0.43,1.06,-0.38,0.51,0.011
20221028,2.33,0.05,-0.34,0.38,0.6,0.011
20221031,-0.67,0.47,0.75,-0.21,0.48,0.011
20221101,-0.35,0.44,0.78,-0.03,0.41,0.014
20221102,-2.67,-0.87,1.6,0.21,1.05,0.014
20221103,-1.03,0.38,0.31,-0.17,0.06,0.014
20221104,1.16,-0.26,1.28,2.19,0.64,0.014
20221107,0.87,-0.34,0.61,1.05,0.94,0.014
20221108,0.5,-0.55,-0.38,-0.2,0.06,0.014
20221109,-2.25,-0.5,0.55,0.94,1.06,0.014
20221110,5.68,1.05,-3.11,-0.72,-2.79,0.014
20221111,1.07,0.16,-1.08,-0.88,-1.13,0.014
20221114,-0.95,-0.26,0.26,0.54,0.43,0.014
20221115,1.03,0.47,-0.7,-0.5,-0.52,0.014
20221116,-1.03,-1.06,0.57,1.16,0.91,0.014
20221117,-0.42,-0.29,0.59,1.35,0.74,0.014
20221118,0.4,-0.09,0.07,0.4,0.62,0.014
20221121,-0.53,-0.2,0.99,0.47,1.09,0.014
20221122,1.35,-0.38,0.45,0.71,-0.24,0.014
20221123,0.63,-0.25,-0.94,-0.73,-0.57,0.014
20221125,-0.02,0.27,0.44,-0.16,0.14,0.014
20221128,-1.55,-0.47,-0.2,0.32,0.31,0.014
20221129,-0.18,0.35,1.03,0.19,0.47,0.014
20221130,3.12,-0.14,-2.07,-0.78,-1.42,0.014
20221201,-0.02,0.04,-0.69,-0.31,-0.31,0.016
20221202,-0.08,0.83,-0.55,-0.4,0.33,0.016
20221205,-2.02,-0.54,-0.51,0.85,0.97,0.016
20221206,-1.51,-0.02,1.16,0.82,0.71,0.016
20221207,-0.24,-0.17,-0.33,0.08,-0.21,0.016
20221208,0.77,-0.09,-1.21,-0.56,-0.63,0.016
20221209,-0.8,-0.52,0.35,0.22,0.12,0.016
20221212,1.41,-0.27,-0.15,-0.28,-0.15,0.016
20221213,0.66,0.08,-0.74,-0.28,-0.59,0.016
20221214,-0.56,0.04,-0.43,-0.16,-0.09,0.016
20221215,-2.57,-0.11,1.38,0.25,0.36,0.016
20221216,-1.02,0.53,0.19,-0.04,0.42,0.016
20221219,-1.01,-0.6,1.23,0.62,1.16,0.016
20221220,0.13,0.24,0.25,-0.53,0.45,0.016
20221221,1.52,0.14,-0.14,0.36,-0.28,0.016
20221222,-1.52,0.22,0.37,-0.05,0.88,0.016
20221223,0.51,-0.34,1.15,0.86,0.46,0.016
20221227,-0.51,-0.42,1.42,1.13,1.21,0.016
20221228,-1.23,-0.3,-0.29,-0.96,-0.03,0.016
20221229,1.87,1.04,-1.07,-1.01,-0.82,0.016
20221230,-0.22,0.12,-0.03,-0.53,0.02,0.016
